Rimmington Railers,Unbelievably Idiotic Morons,Purple CumCumbers,Darkmeyer Doomers,CumDog Millionaires,Canifis Cornflakes
NoPotatoSack,pyretireiron,DarkMav1s,n3cromans3r,Spionks,PoundCaked
george 36th,Louisa,DuckTrails,Yarnbbyma,becs tasty,Juri M
1Pots,LWShallan,gxgx55,Arcunos,Bastin101,SirBabbers
arcReign,Smollay,BundyOnDanny,Toxcid,Sirbubanitus,CrankySquid
Only Kits,vagitarian3,Cucco,Bad Writer,blemma,Quacker
abhorsen2089,Char lotte,Name Me Mum,Uim pher,Lietre,hetdorp
Diksin Cider,dooomfox,Nerd Jp,Thic N Meaty,Eggy CumFart,cumhaver
GIMchompas,Remcave,Extramint,BiruAilo,Grey RS,Metal eh
Kjellandree,Icy Penguins,ferretgreen,JuicedRadish,OneBucketMan,SurferEgg
Glutengirl,Filthydane,RegiGuthix,Patrjck,laf warrulf,karvakaapio
,Snowboots000,osrsellie,,Frigging Tony,